label,confidence
Class_II,0.3500083088874817
Class_II,0.5466299057006836
