label,confidence
Class_II,0.2515912353992462
Class_II,0.6105024814605713
