label,confidence
Class_II,0.28081968426704407
Class_II,0.5609428286552429
