label,confidence
Class_II,0.28172165155410767
Class_II,0.5301498174667358
