label,confidence
Class_II,0.27640005946159363
Class_II,0.502312183380127
