label,confidence
Class_II,0.4793938994407654
Class_II,0.8080671429634094
