label,confidence
Class_II,0.25860804319381714
Class_II,0.7169515490531921
