label,confidence
Class_II,0.3675788342952728
Class_II,0.5278364419937134
