label,confidence
Class_II,0.35155224800109863
Class_II,0.5229936838150024
