label,confidence
Class_II,0.38569140434265137
Class_II,0.6094000935554504
