label,confidence
Class_II,0.3730260133743286
Class_II,0.5314525365829468
