label,confidence
Class_II,0.31686338782310486
Class_II,0.5408385992050171
