label,confidence
Class_II,0.38940900564193726
Class_II,0.5244354009628296
