label,confidence
Class_II,0.37325119972229004
Class_II,0.521494448184967
