label,confidence
Class_II,0.3336721360683441
Class_II,0.5182684659957886
