label,confidence
Class_II,0.3375103771686554
Class_II,0.5935620665550232
