label,confidence
Class_II,0.37238526344299316
Class_II,0.5983010530471802
