label,confidence
Class_II,0.40539541840553284
Class_II,0.5954886078834534
