label,confidence
Class_II,0.40517985820770264
Class_II,0.5701206922531128
