label,confidence
Class_II,0.2566870152950287
Class_II,0.6065661311149597
