label,confidence
Class_II,0.3147087097167969
Class_II,0.5833747386932373
