label,confidence
Class_II,0.3952101767063141
Class_II,0.5046219825744629
