label,confidence
Class_II,0.3742953836917877
Class_II,0.5998687148094177
