label,confidence
Class_II,0.37767067551612854
Class_II,0.5045722723007202
