label,confidence
Class_II,0.3754469156265259
Class_II,0.5673704743385315
