label,confidence
Class_II,0.38480478525161743
Class_II,0.5324913263320923
