label,confidence
Class_II,0.27927300333976746
Class_II,0.5156144499778748
