label,confidence
Class_II,0.7874569296836853
Class_II,0.8123152852058411
