label,confidence
Class_II,0.37840330600738525
Class_II,0.799299955368042
