label,confidence
Class_II,0.5161145925521851
Class_II,0.6305273771286011
