label,confidence
Class_II,0.7474367618560791
Class_II,0.8125518560409546
