label,confidence
Class_II,0.2716810405254364
Class_II,0.7891057133674622
