label,confidence
Class_II,0.4063464403152466
Class_II,0.5808497071266174
