label,confidence
Class_II,0.6123220324516296
Class_II,0.8170551657676697
