label,confidence
Class_II,0.5304994583129883
Class_II,0.6891838312149048
